Time_Enquired,QueryId,ResultIds,Status,Feedback
17/8/23 14:15,43b63ad0-592b-498a-b940-572069fa9f38,['43b63ad0-592b-498a-b940-572069fa9f38-4ea58423-bddd-4b6b-a624-52eb7b72f640'],RELEVANT,"{'ResponseMetadata': {'RequestId': '1a05d60e-7bba-4eb0-9b38-891cb930a47e', 'HTTPStatusCode': 200, 'HTTPHeaders': {'x-amzn-requestid': '1a05d60e-7bba-4eb0-9b38-891cb930a47e', 'content-type': 'application/x-amz-json-1.1', 'content-length': '0', 'date': 'Thu, 17 Aug 2023 06:15:44 GMT'}, 'RetryAttempts': 0}}"
17/8/23 14:23,6c560268-72f1-4d0a-96a4-382f3c401281,['6c560268-72f1-4d0a-96a4-382f3c401281-a6168d45-ea02-4867-aa9e-d2d4b6402e59'],RELEVANT,"{'ResponseMetadata': {'RequestId': 'bff49665-51cd-40b7-ac31-84ddb4397312', 'HTTPStatusCode': 200, 'HTTPHeaders': {'x-amzn-requestid': 'bff49665-51cd-40b7-ac31-84ddb4397312', 'content-type': 'application/x-amz-json-1.1', 'content-length': '0', 'date': 'Thu, 17 Aug 2023 06:23:06 GMT'}, 'RetryAttempts': 0}}"2023-08-17 16:34:57,9351271f-e202-4449-bd34-67773d0f8644,['9351271f-e202-4449-bd34-67773d0f8644-79cd16de-ff4e-46a1-9c32-0767d5eb0ff1'],NOT_RELEVANT,"{'ResponseMetadata': {'RequestId': 'f715b009-fdf0-4d1e-a728-0840106bbe20', 'HTTPStatusCode': 200, 'HTTPHeaders': {'x-amzn-requestid': 'f715b009-fdf0-4d1e-a728-0840106bbe20', 'content-type': 'application/x-amz-json-1.1', 'content-length': '0', 'date': 'Thu, 17 Aug 2023 08:34:57 GMT'}, 'RetryAttempts': 0}}"
2023-08-17 16:35:01,9351271f-e202-4449-bd34-67773d0f8644,['9351271f-e202-4449-bd34-67773d0f8644-79cd16de-ff4e-46a1-9c32-0767d5eb0ff1'],NOT_RELEVANT,"{'ResponseMetadata': {'RequestId': 'ccf13a28-4592-47ff-a0f5-95b85d65b80c', 'HTTPStatusCode': 200, 'HTTPHeaders': {'x-amzn-requestid': 'ccf13a28-4592-47ff-a0f5-95b85d65b80c', 'content-type': 'application/x-amz-json-1.1', 'content-length': '0', 'date': 'Thu, 17 Aug 2023 08:35:01 GMT'}, 'RetryAttempts': 0}}"
2023-08-17 16:56:34,ce4e12c3-65a6-499e-875f-2fc84c59ff1c,['ce4e12c3-65a6-499e-875f-2fc84c59ff1c-ebd0ad4b-15f1-4780-b815-e1d2ecb20bef'],NOT_RELEVANT,"{'ResponseMetadata': {'RequestId': 'ffc5cdc1-327f-4099-8982-f9655d82fa4e', 'HTTPStatusCode': 200, 'HTTPHeaders': {'x-amzn-requestid': 'ffc5cdc1-327f-4099-8982-f9655d82fa4e', 'content-type': 'application/x-amz-json-1.1', 'content-length': '0', 'date': 'Thu, 17 Aug 2023 08:56:33 GMT'}, 'RetryAttempts': 0}}"
<<<<<<< Updated upstream
2023-08-21 19:06:32,7a61d869-d54d-4ec8-a30c-86fe5b6cf059,['7a61d869-d54d-4ec8-a30c-86fe5b6cf059-84469960-dfc5-46af-8250-60dd90052d8c'],NOT_RELEVANT,"{'ResponseMetadata': {'RequestId': 'f37cff8d-1391-4072-a43f-8ccdefc1059f', 'HTTPStatusCode': 200, 'HTTPHeaders': {'x-amzn-requestid': 'f37cff8d-1391-4072-a43f-8ccdefc1059f', 'content-type': 'application/x-amz-json-1.1', 'content-length': '0', 'date': 'Mon, 21 Aug 2023 11:06:31 GMT'}, 'RetryAttempts': 0}}"
2023-08-21 20:10:45,61704db1-4e9c-484d-bcdd-2c04d3d94e0f,['61704db1-4e9c-484d-bcdd-2c04d3d94e0f-46acc754-5806-4272-9e95-f860408b92b3'],RELEVANT,"{'ResponseMetadata': {'RequestId': '6787b5d5-c374-4a22-b3d5-16530841f180', 'HTTPStatusCode': 200, 'HTTPHeaders': {'x-amzn-requestid': '6787b5d5-c374-4a22-b3d5-16530841f180', 'content-type': 'application/x-amz-json-1.1', 'content-length': '0', 'date': 'Mon, 21 Aug 2023 12:10:44 GMT'}, 'RetryAttempts': 1}}"
2023-08-21 20:10:52,7a61d869-d54d-4ec8-a30c-86fe5b6cf059,['7a61d869-d54d-4ec8-a30c-86fe5b6cf059-84469960-dfc5-46af-8250-60dd90052d8c'],NOT_RELEVANT,"{'ResponseMetadata': {'RequestId': '25eafbbe-42b4-4153-8bef-516a2a0a4025', 'HTTPStatusCode': 200, 'HTTPHeaders': {'x-amzn-requestid': '25eafbbe-42b4-4153-8bef-516a2a0a4025', 'content-type': 'application/x-amz-json-1.1', 'content-length': '0', 'date': 'Mon, 21 Aug 2023 12:10:52 GMT'}, 'RetryAttempts': 0}}"
2023-08-21 20:11:11,6f305158-791c-4d56-bbac-1a34e74696fa,['6f305158-791c-4d56-bbac-1a34e74696fa-21a9a9dd-522a-4bfa-bd1a-7a81c1820da5'],NOT_RELEVANT,"{'ResponseMetadata': {'RequestId': '89a74e2f-d830-47b6-9e3e-4cc08adb1a43', 'HTTPStatusCode': 200, 'HTTPHeaders': {'x-amzn-requestid': '89a74e2f-d830-47b6-9e3e-4cc08adb1a43', 'content-type': 'application/x-amz-json-1.1', 'content-length': '0', 'date': 'Mon, 21 Aug 2023 12:11:11 GMT'}, 'RetryAttempts': 0}}"
2023-08-21 20:14:39,84970d71-5b3e-4a70-9b66-bfb065199435,['84970d71-5b3e-4a70-9b66-bfb065199435-72e1faf1-3119-4afe-bb98-59deb773f899'],NOT_RELEVANT,"{'ResponseMetadata': {'RequestId': 'b8c15635-77f8-4b3c-a771-d1f63c72ae86', 'HTTPStatusCode': 200, 'HTTPHeaders': {'x-amzn-requestid': 'b8c15635-77f8-4b3c-a771-d1f63c72ae86', 'content-type': 'application/x-amz-json-1.1', 'content-length': '0', 'date': 'Mon, 21 Aug 2023 12:14:39 GMT'}, 'RetryAttempts': 0}}"
2023-08-22 00:01:27,b6820c1e-7c35-4728-a049-aa8548004fc5,['b6820c1e-7c35-4728-a049-aa8548004fc5-5af09ac7-f84b-4e19-83dd-88c66963321b'],NOT_RELEVANT,"{'ResponseMetadata': {'RequestId': '9cef6e2c-42b7-4664-a351-c79f35a3609d', 'HTTPStatusCode': 200, 'HTTPHeaders': {'x-amzn-requestid': '9cef6e2c-42b7-4664-a351-c79f35a3609d', 'content-type': 'application/x-amz-json-1.1', 'content-length': '0', 'date': 'Mon, 21 Aug 2023 16:01:26 GMT'}, 'RetryAttempts': 0}}"
2023-08-22 00:01:29,b6820c1e-7c35-4728-a049-aa8548004fc5,['b6820c1e-7c35-4728-a049-aa8548004fc5-5af09ac7-f84b-4e19-83dd-88c66963321b'],NOT_RELEVANT,"{'ResponseMetadata': {'RequestId': '49d0fe84-6da1-411f-af03-93599f62b886', 'HTTPStatusCode': 200, 'HTTPHeaders': {'x-amzn-requestid': '49d0fe84-6da1-411f-af03-93599f62b886', 'content-type': 'application/x-amz-json-1.1', 'content-length': '0', 'date': 'Mon, 21 Aug 2023 16:01:28 GMT'}, 'RetryAttempts': 0}}"
2023-08-22 00:01:32,b6820c1e-7c35-4728-a049-aa8548004fc5,['b6820c1e-7c35-4728-a049-aa8548004fc5-5af09ac7-f84b-4e19-83dd-88c66963321b'],NOT_RELEVANT,"{'ResponseMetadata': {'RequestId': '9bed5ba1-994d-48a8-a25f-e006729f2029', 'HTTPStatusCode': 200, 'HTTPHeaders': {'x-amzn-requestid': '9bed5ba1-994d-48a8-a25f-e006729f2029', 'content-type': 'application/x-amz-json-1.1', 'content-length': '0', 'date': 'Mon, 21 Aug 2023 16:01:32 GMT'}, 'RetryAttempts': 0}}"
2023-08-22 00:01:33,b6820c1e-7c35-4728-a049-aa8548004fc5,['b6820c1e-7c35-4728-a049-aa8548004fc5-5af09ac7-f84b-4e19-83dd-88c66963321b'],NOT_RELEVANT,"{'ResponseMetadata': {'RequestId': 'c59a1862-d309-4fca-8410-5a55300f96c7', 'HTTPStatusCode': 200, 'HTTPHeaders': {'x-amzn-requestid': 'c59a1862-d309-4fca-8410-5a55300f96c7', 'content-type': 'application/x-amz-json-1.1', 'content-length': '0', 'date': 'Mon, 21 Aug 2023 16:01:33 GMT'}, 'RetryAttempts': 0}}"
2023-08-22 00:01:34,b6820c1e-7c35-4728-a049-aa8548004fc5,['b6820c1e-7c35-4728-a049-aa8548004fc5-5af09ac7-f84b-4e19-83dd-88c66963321b'],NOT_RELEVANT,"{'ResponseMetadata': {'RequestId': 'd3c0704c-ce52-40eb-b3d7-713ed187d3e3', 'HTTPStatusCode': 200, 'HTTPHeaders': {'x-amzn-requestid': 'd3c0704c-ce52-40eb-b3d7-713ed187d3e3', 'content-type': 'application/x-amz-json-1.1', 'content-length': '0', 'date': 'Mon, 21 Aug 2023 16:01:34 GMT'}, 'RetryAttempts': 0}}"
2023-08-22 00:06:35,4bb89e71-49e4-4a9c-a5ba-a7e985e9b411,['4bb89e71-49e4-4a9c-a5ba-a7e985e9b411-fd800f9e-8c74-4ae5-b0e9-9fcb69ae3153'],NOT_RELEVANT,"{'ResponseMetadata': {'RequestId': '32ef864e-dad6-41ef-b9db-411dc805d924', 'HTTPStatusCode': 200, 'HTTPHeaders': {'x-amzn-requestid': '32ef864e-dad6-41ef-b9db-411dc805d924', 'content-type': 'application/x-amz-json-1.1', 'content-length': '0', 'date': 'Mon, 21 Aug 2023 16:06:34 GMT'}, 'RetryAttempts': 0}}"
2023-08-22 00:06:35,4bb89e71-49e4-4a9c-a5ba-a7e985e9b411,['4bb89e71-49e4-4a9c-a5ba-a7e985e9b411-fd800f9e-8c74-4ae5-b0e9-9fcb69ae3153'],NOT_RELEVANT,"{'ResponseMetadata': {'RequestId': '6b065d17-e8b3-4520-a7b5-d9bcf7817d2e', 'HTTPStatusCode': 200, 'HTTPHeaders': {'x-amzn-requestid': '6b065d17-e8b3-4520-a7b5-d9bcf7817d2e', 'content-type': 'application/x-amz-json-1.1', 'content-length': '0', 'date': 'Mon, 21 Aug 2023 16:06:35 GMT'}, 'RetryAttempts': 0}}"
2023-08-22 00:06:37,4bb89e71-49e4-4a9c-a5ba-a7e985e9b411,['4bb89e71-49e4-4a9c-a5ba-a7e985e9b411-fd800f9e-8c74-4ae5-b0e9-9fcb69ae3153'],NOT_RELEVANT,"{'ResponseMetadata': {'RequestId': '493674c6-83b1-4d5c-b245-56ce01e43c41', 'HTTPStatusCode': 200, 'HTTPHeaders': {'x-amzn-requestid': '493674c6-83b1-4d5c-b245-56ce01e43c41', 'content-type': 'application/x-amz-json-1.1', 'content-length': '0', 'date': 'Mon, 21 Aug 2023 16:06:36 GMT'}, 'RetryAttempts': 0}}"
2023-08-22 00:24:49,2f553643-9393-4bb9-b351-d937d417e004,['2f553643-9393-4bb9-b351-d937d417e004-1b67f10e-b759-4233-ac87-9cae26c6088d'],RELEVANT,"{'ResponseMetadata': {'RequestId': 'fddd2a18-f7cc-4c55-a8e2-4c68124bc453', 'HTTPStatusCode': 200, 'HTTPHeaders': {'x-amzn-requestid': 'fddd2a18-f7cc-4c55-a8e2-4c68124bc453', 'content-type': 'application/x-amz-json-1.1', 'content-length': '0', 'date': 'Mon, 21 Aug 2023 16:24:49 GMT'}, 'RetryAttempts': 0}}"
=======
2023-08-21 17:31:07,48b6c199-718e-4b7c-88a7-153bcb95dd47,['48b6c199-718e-4b7c-88a7-153bcb95dd47-0be19a72-2997-4371-9623-b34a4eb686e8'],NOT_RELEVANT,"{'ResponseMetadata': {'RequestId': 'fbc5aad9-bfd8-418b-ba8d-a49bfd6df6d4', 'HTTPStatusCode': 200, 'HTTPHeaders': {'x-amzn-requestid': 'fbc5aad9-bfd8-418b-ba8d-a49bfd6df6d4', 'content-type': 'application/x-amz-json-1.1', 'content-length': '0', 'date': 'Mon, 21 Aug 2023 09:31:07 GMT'}, 'RetryAttempts': 0}}"
2023-08-21 17:31:08,48b6c199-718e-4b7c-88a7-153bcb95dd47,['48b6c199-718e-4b7c-88a7-153bcb95dd47-0be19a72-2997-4371-9623-b34a4eb686e8'],NOT_RELEVANT,"{'ResponseMetadata': {'RequestId': '1fea6f0f-62d4-4d3f-870e-9c6d1c423eb3', 'HTTPStatusCode': 200, 'HTTPHeaders': {'x-amzn-requestid': '1fea6f0f-62d4-4d3f-870e-9c6d1c423eb3', 'content-type': 'application/x-amz-json-1.1', 'content-length': '0', 'date': 'Mon, 21 Aug 2023 09:31:08 GMT'}, 'RetryAttempts': 0}}"
>>>>>>> Stashed changes
2023-08-24 10:30:01,52a54adf-e601-4020-aa74-a98ac479426d,"['52a54adf-e601-4020-aa74-a98ac479426d-fb76adb3-986c-44e7-a9a2-55956c228b07', '52a54adf-e601-4020-aa74-a98ac479426d-1d664954-2465-4bbd-9676-ab223b5d9420', '52a54adf-e601-4020-aa74-a98ac479426d-4840b362-a7e1-49dc-a032-4e670b548468']",NOT_RELEVANT,"{'ResponseMetadata': {'RequestId': 'afe73d39-4322-4536-ac21-2bbb221655d5', 'HTTPStatusCode': 200, 'HTTPHeaders': {'x-amzn-requestid': 'afe73d39-4322-4536-ac21-2bbb221655d5', 'content-type': 'application/x-amz-json-1.1', 'content-length': '0', 'date': 'Thu, 24 Aug 2023 02:30:00 GMT'}, 'RetryAttempts': 0}}"
2023-08-24 10:30:04,42b8694f-c3b3-4d38-bbea-c46264dbcaf4,"['42b8694f-c3b3-4d38-bbea-c46264dbcaf4-28685b00-d8ac-45f0-878b-d87c83d2540d', '42b8694f-c3b3-4d38-bbea-c46264dbcaf4-329042b9-fc9a-4299-bb1d-8121dcc1b7ef']",RELEVANT,"{'ResponseMetadata': {'RequestId': '8d3b4557-85ed-46fd-8df1-440a626c801b', 'HTTPStatusCode': 200, 'HTTPHeaders': {'x-amzn-requestid': '8d3b4557-85ed-46fd-8df1-440a626c801b', 'content-type': 'application/x-amz-json-1.1', 'content-length': '0', 'date': 'Thu, 24 Aug 2023 02:30:03 GMT'}, 'RetryAttempts': 0}}"
2023-08-24 10:30:23,4e376d28-5bf3-4352-b84f-82f00e9d1475,"['4e376d28-5bf3-4352-b84f-82f00e9d1475-14fe85e9-d4ca-4f85-8c8f-4562f2235470', '4e376d28-5bf3-4352-b84f-82f00e9d1475-35752db5-52ee-4dae-8a62-3a040a62661f', '4e376d28-5bf3-4352-b84f-82f00e9d1475-bdcfb660-aa54-41c2-9134-cd195e31351e']",RELEVANT,"{'ResponseMetadata': {'RequestId': 'd840e820-a092-45be-ba24-a4caa5bcc191', 'HTTPStatusCode': 200, 'HTTPHeaders': {'x-amzn-requestid': 'd840e820-a092-45be-ba24-a4caa5bcc191', 'content-type': 'application/x-amz-json-1.1', 'content-length': '0', 'date': 'Thu, 24 Aug 2023 02:30:23 GMT'}, 'RetryAttempts': 0}}"
2023-08-24 10:35:41,22d0dbf3-b4db-429d-b9eb-9667bc69e82a,"['22d0dbf3-b4db-429d-b9eb-9667bc69e82a-2c1821a9-5fa0-46ee-bf0b-e0b12c6336a7', '22d0dbf3-b4db-429d-b9eb-9667bc69e82a-0528c951-2651-4ede-add8-0b5e4b5ffc16', '22d0dbf3-b4db-429d-b9eb-9667bc69e82a-3c3ef3ea-cbff-4138-9617-75cef7f750cb']",NOT_RELEVANT,"{'ResponseMetadata': {'RequestId': '0ada17bf-fd63-4638-94b4-538af4379789', 'HTTPStatusCode': 200, 'HTTPHeaders': {'x-amzn-requestid': '0ada17bf-fd63-4638-94b4-538af4379789', 'content-type': 'application/x-amz-json-1.1', 'content-length': '0', 'date': 'Thu, 24 Aug 2023 02:35:40 GMT'}, 'RetryAttempts': 0}}"
